{"glyphs":{"享":{"ha":1389,"x_min":30,"x_max":1362,"o":"m 41 1045 l 593 1045 q 555 1135 575 1088 l 773 1167 q 819 1045 799 1103 l 1351 1045 l 1351 901 l 41 901 l 41 1045 m 186 509 l 186 843 l 1191 843 l 1191 509 l 186 509 m 1009 640 l 1009 713 l 368 713 l 368 640 l 1009 640 m 30 219 l 648 219 l 648 237 l 920 310 l 127 310 l 127 451 l 1226 451 l 1226 299 l 971 219 l 1362 219 l 1362 73 l 833 73 l 833 7 q 782 -129 833 -84 q 633 -174 731 -174 q 399 -174 535 -174 q 358 -5 387 -101 q 553 -10 460 -10 q 628 9 608 -10 q 648 73 648 28 l 30 73 l 30 219 z "},"共":{"ha":1389,"x_min":20,"x_max":1367,"o":"m 30 440 l 328 440 l 328 744 l 73 744 l 73 918 l 328 918 l 328 1154 l 524 1154 l 524 918 l 865 918 l 865 1154 l 1061 1154 l 1061 918 l 1317 918 l 1317 744 l 1061 744 l 1061 440 l 1359 440 l 1359 267 l 30 267 l 30 440 m 524 440 l 865 440 l 865 744 l 524 744 l 524 440 m 909 248 q 1367 -18 1162 108 l 1242 -178 q 798 111 1062 -51 l 909 248 m 467 239 l 600 100 q 132 -185 358 -59 q 20 -24 83 -106 q 467 239 235 78 z "},"台":{"ha":1389,"x_min":45,"x_max":1386,"o":"m 1000 995 q 1386 595 1208 791 l 1236 467 l 1130 592 q 117 543 547 583 l 45 703 q 574 1173 312 869 l 751 1076 q 345 721 559 895 l 997 744 l 859 896 l 1000 995 m 172 -180 l 172 456 l 1217 456 l 1217 -180 l 1032 -180 l 1032 -100 l 357 -100 l 357 -180 l 172 -180 m 1032 288 l 357 288 l 357 68 l 1032 68 l 1032 288 z "},"平":{"ha":1389,"x_min":38,"x_max":1356,"o":"m 38 425 l 590 425 l 590 923 l 98 923 l 98 1102 l 1297 1102 l 1297 923 l 796 923 l 796 425 l 1356 425 l 1356 246 l 796 246 l 796 -176 l 590 -176 l 590 246 l 38 246 l 38 425 m 117 801 l 259 897 q 529 561 389 745 l 365 452 q 117 801 228 660 m 1299 787 q 996 448 1156 615 l 857 561 q 1139 896 1015 724 l 1299 787 z "}},"familyName":"Microsoft YaHei","ascender":1470,"descender":-363,"underlinePosition":-121,"underlineThickness":81,"boundingBox":{"yMin":-185,"xMin":20,"yMax":1173,"xMax":1386},"resolution":1000,"original_font_information":{"format":0,"copyright":"© 2006 Microsoft Corporation. All rights reserved.","fontFamily":"Microsoft YaHei","fontSubfamily":"Bold","uniqueID":"Microsoft YaHei-Bold","fullName":"Microsoft YaHei Bold","version":"Version 0.75","postScriptName":"MicrosoftYaHei","trademark":"Microsoft YaHei is either a registered trademark or a trademark of Microsoft Corporation in the United States and/or other countries.","manufacturer":"Microsoft Corporation","designer":"Founder","description":"Microsoft YaHei is a Simplified Chinese font developed by taking advantage of ClearType technology, and it provides excellent reading experience particularly onscreen. The font is very legible at small sizes.","manufacturerURL":"http://www.microsoft.com/typography","designerURL":"http://www.founder.com.cn/cn","licence":"NOTIFICATION OF LICENSE AGREEMENT \r\n\r\nYou may use this font to display and print content as permitted by the license terms for the product in which this font is included. You may only (i) embed this font in content as permitted by the embedding restrictions included in this font; and (ii) temporarily download this font to a printer or other output device to help print content.","licenceURL":"http://www.microsoft.com/typography/fonts"},"cssFontWeight":"bold","cssFontStyle":"normal"}